rat;batch;genotype;treatment;group;groupx;dm;RGT;RGT10;RGT20;RGT30;RGT40;RGT50;RGT60;latency;REV;flexibility_index;REV10;REV20;REV30;REV40;REV50;REV60;Do Reverse;rat;PDT100;PDT33;PDT20;PDT14;PDT9;normAUC;rat;hab;E1;E2;E3;Soc pref;STM;STM1;STM2;odor preference;rat;RGT;pdm_rest;RGT10rep;RGT20rep;RGT30rep;RGT40rep;RGT50rep;RGT60rep;comment,,,,,,,,,,,,,,,,,,,,,,,,,,
207;11;SD;dox;CONTROL;SD-dox;INT;57,1;50;84,2;87,5;71,4;60;54,5;1,426443182;91,5;91,5;53,84615385;70,58823529;70,58823529;25;90,90909091;92,10526316;yes;207;79,4893617;87,99283154;83,51851852;72,11038961;56,23233465;0,945167861;207;85;177;91;123;2,08;1,44;1,95;0,74;0,911177473;207;57,1;DM;;;;;;;,
208;11;SD;dox;CONTROL;SD-dox;GDM;100;73,9;87,5;96,2;97,8;100;100;1,408565217;0;0;12,5;0;0;0;0;0;no;208;87,00980392;92,81756181;79,42039618;74,29467085;72,62308998;0,918995189;208;68;232;192;187;3,41;1,24;1,21;1,03;0,626018869;208;100;DM;;;;;;;,,,,,,,,,
209;11;SD;dox;CONTROL;SD-dox;GDM;89,5;20;90,2;100;86,5;97;79,2;1,641152941;41,2;41,2;61,53846154;72,72727273;30;42,85714286;50;33,33333333;undecided;209;77,21153846;89,09883721;65,67520625;13,88384755;10,51587302;0,58209294;209;40;196;120;65;4,9;3,02;1,63;1,85;0,370488335;209;89,5;DM;;;;;;;,,,
210;11;SD;dox;CONTROL;SD-dox;GDM;95,8;70,6;86,7;92,9;95,1;100;90,9;2,111248322;0;0;11,11111111;0;0;20;0;0;no;210;78,86029412;86,43292683;92,04160619;94,06779661;87,81779661;1,133204426;210;82;230;148;152;2,8;1,51;1,55;0,97;0,647926902;210;95,8;DM;;;;;;;,,,,,,
211;11;TETO;dox;TETO-DOX;TETO-dox;INT;45,5;50;45,5;0;37,5;0;83,3;1,784255814;88,7;11,3;44,44444444;63,63636364;83,33333333;92,59259259;87,87878788;90;no;211;84,23005566;79,8245614;87,26851852;73,2745098;19,37016186;0,803727438;211;60;187;147;123;3,12;1,52;1,27;1,2;0,523362162;211;45,5;DM;;;;;;;,,
212;11;TETO;dox;TETO-DOX;TETO-dox;GDM;90,3;28,6;73,7;73,7;90,9;92,5;86,4;2,128533898;84,2;84,2;38,46153846;50;44,44444444;91,30434783;88,88888889;80;yes;212;85,80754352;57,48626374;31,32183908;29,28921569;10,47619048;0,433812415;212;82;203;102;132;2,48;1,54;1,99;0,77;0,708768426;212;90,3;DM;;;;;;;
213;11;TETO;dox;TETO-DOX;TETO-dox;GDM;93,9;33,3;100;100;81;92;100;1,613089474;9,1;9,1;11,11111111;20;0;0;0;12,5;no;213;81,97463768;86,97947214;70,97902098;43,99425287;51,85381356;0,772900043;213;63;184;184;191;2,92;0,96;1;0,96;0,472156785;213;93,9;DM;;;;;;;,,,,,,,,
214;11;TETO;dox;TETO-DOX;TETO-dox;GDM;100;70,6;93,1;100;100;100;100;1,744869565;0;0;0;16,66666667;0;0;0;0;no;214;77,39687848;85,23076923;83,83673469;76,04166667;24,80376766;0,895726592;214;64;218;189;137;3,41;1,59;1,15;1,38;0,72936083;214;100;DM;;;;;;;,,,,,,,,,,,
215;11;TETO;dox;TETO-DOX;TETO-dox;PDM;0;33,3;33,3;37,5;0;0;0;1,457529412;84,6;15,4;66,66666667;100;77,77777778;88,23529412;76,92307692;92,30769231;no;215;91,96617336;77,63951735;36,81289641;33,76623377;38,62573099;0,54304876;215;64;232;172;119;3,63;1,95;1,35;1,45;0,52334791;215;0;PDM;;;;;;;,,,,
216;11;TETO;dox;TETO-DOX;TETO-dox;GDM;87,5;69,2;91,7;100;89,2;94,7;76,9;1,891774648;0;0;18,18181818;0;20;0;0;0;no;216;90,82980973;94,81481481;85,42609351;15,06993007;17,01754386;0,584121563;216;76;201;217;193;2,64;1,04;0,93;1,12;0,364448955;216;87,5;DM;;;;;;;,,,,,,
217;11;SD;dox;CONTROL;SD-dox;GDM;94,3;61,5;76,5;90,4;100;94,1;95;1,415438503;9,1;9,1;22,22222222;0;16,66666667;16,66666667;25;0;no;217;88,85714286;88,11447811;69,04761905;46,32798574;21,25626566;0,657997553;217;76;208;184;142;2,74;1,46;1,13;1,3;0,694874157;217;94,3;DM;;;;;;;,,,
218;11;SD;dox;CONTROL;SD-dox;INT;31,3;33,3;83,3;73,9;33,3;30;33,3;1,194533333;85,5;14,5;73,91304348;72,72727273;66,66666667;75;87,80487805;80,95238095;no;218;88,90293225;87,22478239;47,25534029;38,74577153;28,00819252;0,596287281;218;105;196;127;139;1,87;1,41;1,54;0,91;0,467784166;218;31,3;DM;;;;;;;
219;12;TETO;water;CONTROL;TETO-water;GDM;91,1;81,5;85,7;98,4;94,9;87;95,5;1,936567308;50;50;22,22222222;33,33333333;16,66666667;20;50;50;undecided;219;79,68460111;77,17391304;63,90306122;33,34875116;30,39215686;0,655922361;219;95;185;96;86;1,95;2,15;1,93;1,12;0,456175895;219;91,1;DM;;;;;;;,,,,
220;12;TETO;water;CONTROL;TETO-water;INT;61,9;60;78,9;85,2;78,9;63,6;60;1,39546875;81,6;81,6;50;50;68,75;90,90909091;86,66666667;73,68421053;yes;220;88,22062084;77,35969388;81,97626841;61,67016073;40,07936508;0,761796677;220;97;178;95;100;1,84;1,78;1,87;0,95;0,397651367;220;61,9;DM;;;;;;;,,
221;12;TETO;dox;TETO-DOX;TETO-dox;GDM;96,6;80;83,3;100;98,1;95,5;97,7;1,715828571;18,2;18,2;18,18181818;0;0;20;20;16,66666667;no;221;90,95238095;81,14035088;68,80952381;63,1773399;38,19749216;0,722113184;221;74;198;108;78;2,68;2,54;1,83;1,38;0,668565058;221;96,6;DM;;;;;;;,,,,
222;12;TETO;dox;TETO-DOX;TETO-dox;PDM;0;68,4;0;20;71,4;0;0;1,244;91,1;8,9;46,66666667;90;91,66666667;84,84848485;100;85,29411765;no;222;88,78787879;74,2743106;36,79245283;37,85310734;27,35042735;0,539692567;222;109;147;115;127;1,35;1,16;1,28;0,91;0,708278462;222;0;PDM;;;;;;;,,,,,,
223;12;TETO;dox;TETO-DOX;TETO-dox;INT;33,3;53,8;78,6;78,6;0;0;50;1,355901639;89,1;10,9;28,57142857;25;0;84;71,42857143;96,875;no;223;92,11382114;77,45726496;76,33234028;83,44645551;64,16223404;0,844994656;223;71;178;109;33;2,51;5,39;1,63;3,3;0,492922906;223;33,3;DM;;;;;;;,,,,
224;12;TETO;dox;TETO-DOX;TETO-dox;INT;68,8;50;25;28,6;30;55,6;73,9;1,143539683;84;84;66,66666667;62,5;57,14285714;0;88,46153846;79,16666667;yes;224;85,80754352;80,35714286;27,96610169;20,55035129;26,13858165;0,485251334;224;48;192;103;78;4;2,46;1,86;1,32;0,396024708;224;68,8;DM;;;;;;;,,,,,
225;12;TETO;water;CONTROL;TETO-water;GDM;85,2;50;93,1;97,3;89,3;68,8;92,1;1,4881;0;0;27,27272727;0;0;25;0;0;no;225;91,79566563;92,69602578;93,51806037;73,22118036;94,93433396;0,951848915;225;79;134;147;140;1,7;0,96;0,91;1,05;0,596212131;225;85,2;DM;;;;;;;,,,,,,
226;12;TETO;water;CONTROL;TETO-water;GDM;100;55,6;72,7;96,4;95,7;100;100;1,7307875;9,1;9,1;46,15384615;0;0;16,66666667;0;25;no;226;82,69230769;77,51831502;82,59259259;92,56993007;20,19230769;0,87191729;226;56;153;180;166;2,73;0,92;0,85;1,08;0,430778674;226;100;DM;;;;;;;,,,,,,
227;12;TETO;water;CONTROL;TETO-water;GDM;89,6;60;78,6;93,8;87,5;96;82,6;1,871032787;87,5;87,5;27,27272727;92;75;81,25;90,90909091;83,87096774;yes;227;74,85507246;92,58497807;88,98305085;86,66474654;66,68953688;1,110632074;227;84;189;173;177;2,25;1,07;1,09;0,98;0,504539316;227;89,6;DM;;;;;;;,,
228;12;TETO;water;CONTROL;TETO-water;GDM;86,3;33,3;0;76,9;81,3;82,4;88,2;1,475375;81,6;81,6;0;20;80;80,95238095;80,95238095;82,14285714;yes;228;77,29696473;67,08333333;47,27163462;50,37017451;21,31147541;0,64652005;228;69;239;135;133;3,46;1,8;1,77;1,02;0,667241214;228;86,3;DM;;;;;;;,,
229;12;TETO;dox;TETO-DOX;TETO-dox;GDM;94,5;60;83,3;97,4;96,2;77,8;97,8;1,805583333;0;0;16,66666667;14,28571429;0;0;0;0;no;229;83,52657005;92,91449217;83,3619211;52,13636364;21,23566408;0,760189022;229;64;152;99;45;2,38;3,38;1,54;2,2;0,706052795;229;94,5;DM;;;;;;;,,,,,
230;12;TETO;dox;TETO-DOX;TETO-dox;PDM;10;38,5;0;0;20;14,3;0;1,142888889;80,6;19,4;53,33333333;91,66666667;80;82,60869565;80;81,25;no;230;81,81818182;91,51162791;90,70325901;89,47368421;51,77033493;1,000034051;230;78;155;70;21;1,99;7,38;2,21;3,33;0,77682126;230;10;PDM;;;;;;;EXCLUDED,,,,,,
231;13;TETO;dox;TETO-DOX;TETO-dox;GDM;95,6;79,3;81,8;93,1;100;95,8;95;2,2998;0;0;0;20;0;12,5;0;0;no;231;;;;;;;231;73;229;96;90;3,14;2,54;2,39;1,07;0,501042862;231;95,6;DM;;;;;;;,,,,,,,,,,,,,
232;13;TETO;dox;TETO-DOX;TETO-dox;GDM;96,4;84,8;90;94,3;91,1;100;95;1,784577889;83,3;83,3;0;16,66666667;25;64,70588235;85,71428571;81,81818182;yes;232;;;;;;;232;92;181;228;97;1,97;1,87;0,79;2,35;0,68232576;232;96,4;DM;;;;;;;,,,,,,,,,
233;13;TETO;water;CONTROL;TETO-water;GDM;91,7;37,5;60;92,9;76,9;85,7;93,1;2,067006897;28,6;28,6;20;20;37,5;28,57142857;50;12,5;no;233;;;;;;;233;58;175;206;153;3,02;1,14;0,85;1,35;0,581675875;233;91,7;DM;;;;;;;,,,,,,,,
234;13;TETO;water;CONTROL;TETO-water;GDM;87,9;60;85,7;100;89,2;100;75;2,05522807;18,2;18,2;27,27272727;20;0;25;20;16,66666667;no;234;;;;;;;234;101;200;185;204;1,98;0,98;1,08;0,91;0,691928468;234;87,9;DM;;;;;;;,,,,,,,,,,,,
235;13;TETO;water;CONTROL;TETO-water;GDM;98,2;55,6;100;98,4;100;98,2;100;1,961860656;0;0;0;0;0;0;0;0;no;235;;;;;;;235;90;195;113;148;2,17;1,32;1,73;0,76;0,629416625;235;98,2;DM;;;;;;;,,,,,,,,,,,,,,,
236;13;TETO;water;CONTROL;TETO-water;GDM;95,3;54,5;82,1;95,1;87,5;95,5;94,7;1,512186813;9,1;9,1;12,5;20;16,66666667;0;14,28571429;0;no;236;;;;;;;236;93;208;132;44;2,24;4,73;1,58;3;0,518517988;236;95,3;DM;;;;;;;,,,,,,,,
237;13;TETO;water;CONTROL;TETO-water;INT;62,5;70,6;80;82,6;80;72,2;33,3;1,342;27,3;27,3;11,11111111;0;16,66666667;0;0;37,5;no;237;;;;;;;237;114;196;161;111;1,72;1,77;1,22;1,45;0,713636496;237;62,5;DM;;;;;;;,,,,,,,,,
238;13;TETO;water;CONTROL;TETO-water;INT;60;20;45,5;0;64,3;66,7;0;1,580035714;91,7;91,7;63,63636364;80;75;78,94736842;80;93,5483871;yes;238;;;;;;;238;85;222;174;143;2,61;1,55;1,28;1,22;0,570036726;238;60;DM;;;;;;;,,,,,,,,,,,,
239;13;TETO;dox;TETO-DOX;TETO-dox;GDM;90,6;33,3;72,2;83,3;85,3;88,9;92,9;1,849828571;86,5;86,5;20;20;64,28571429;75;91,66666667;82,14285714;yes;239;;;;;;;239;115;200;149;121;1,74;1,65;1,34;1,23;0,582659566;239;90,6;DM;;;;;;;,,,,,,,
240;13;TETO;dox;TETO-DOX;TETO-dox;INT;57,1;61,1;0;33,3;50;66,7;46,2;1,639109375;79,4;79,4;35,71428571;44,44444444;84,21052632;25;66,66666667;84;yes;240;;;;;;;240;89;194;178;188;2,18;1,03;1,09;0,95;0,55235264;240;57,1;DM;;;;;;;,,,,,,,,
241;13;TETO;dox;TETO-DOX;TETO-dox;INT;41,2;63,6;55,6;58,3;0;63,6;0;1,1678;74,4;25,6;70;87,5;86,11111111;87,5;75;73,91304348;no;241;;;;;;;241;97;217;191;114;2,24;1,9;1,14;1,68;0,812927827;241;41,2;DM;;;;;;;,,,,,,,,
242;13;TETO;dox;TETO-DOX;TETO-dox;GDM;98,1;60;86,2;100;92,3;100;97;1,484881356;0;0;0;0;0;0;0;0;no;242;;;;;;;242;90;246;238;143;2,73;1,72;1,03;1,66;0,720522035;242;98,1;DM;;;;;;;,,,,,,,,,,,,,,,,
243;14;TETO;dox;TETO-DOX;TETO-dox;PDM;10;16,7;25;0;14,3;16,7;0;1,525628571;79,4;20,6;60;90;81,25;88,88888889;71,42857143;92,30769231;no;243;75,37112;61,8835;36,48459;38,75678;20,73052;0,570296276;243;92;235;194;256;2,55;0,92;1,21;0,76;0,706149775;243;10;PDM;;;;;;;,,,,,
244;14;TETO;dox;TETO-DOX;TETO-dox;GDM;87,8;46,2;25;0;83,3;89,6;0;1,682358025;83;83;37,5;62,5;54,54545455;72,72727273;71,42857143;90,625;yes;244;90,90909;62,48315;58,083;35,26851;28,05944;0,543362383;244;81;178;112;48;2,2;3,71;1,59;2,33;0,672050165;244;87,8;DM;;;;;;;,,,
245;14;TETO;water;CONTROL;TETO-water;GDM;98;38,5;50;89,3;100;100;94,4;1,727888889;23,1;23,1;30;33,33333333;16,66666667;16,66666667;40;12,5;no;245;84,94318;82,74103;80,58591;69,60784;59,84804;0,871307928;245;79;179;87;80;2,27;2,24;2,06;1,09;0,526395702;245;98;DM;;;;;;;,,,,,
246;14;TETO;water;CONTROL;TETO-water;GDM;79,3;33,3;83,3;54,5;70,6;0;82,1;1,552555556;86;86;9,090909091;20;28,57142857;83,33333333;85,18518519;86,66666667;yes;246;93,07359;78,22581;64,43989;42,95082;25,62358;0,600067746;246;89;172;172;138;1,93;1,25;1;1,25;0,530996166;246;79,3;DM;;;;;;;,,,
247;14;TETO;water;CONTROL;TETO-water;GDM;93,3;78,6;76,9;94,6;96;86,4;97,4;1,770871166;94,9;94,9;12,5;44,44444444;58,33333333;58,33333333;95;94,87179487;yes;247;94,42724;77,55102;69,90741;38,09524;32,66946;0,602547221;247;70;197;183;106;2,81;1,86;1,08;1,73;0,649722908;247;93,3;DM;;;;;;;
248;14;TETO;water;CONTROL;TETO-water;GDM;94,7;45,5;63,6;96,2;96;93,5;96,2;2,059458599;35,7;35,7;33,33333333;0;20;58,33333333;14,28571429;57,14285714;no;248;87,65152;76,14035;64,16667;39,61694;30,76923;0,625950182;248;74;176;183;114;2,38;1,54;0,96;1,61;0,850412888;248;94,7;DM;;;;;;;,
249;14;TETO;dox;TETO-DOX;TETO-dox;INT;57,7;62,5;55,6;87;0;11,1;82,4;1,103987179;70;70;30;53,84615385;55,55555556;40;63,63636364;73,68421053;yes;249;79,66967;68,58801;50,4717;53,125;42,52658;0,705685416;249;89;179;73;73;2,01;2,45;2,45;1;0,551554202;249;57,7;DM;;;;;;;,,,,,
250;14;TETO;dox;TETO-DOX;TETO-dox;GDM;97,3;66,7;69,2;97;98;92,3;100;1,588543011;0;0;57,14285714;20;0;20;0;0;no;250;85,90808;75,02439;65,01548;62,5;33,1602;0,721478338;250;83;224;174;135;2,7;1,66;1,29;1,29;0,464495753;250;97,3;DM;;;;;;;,,,,,,,,
251;14;TETO;water;CONTROL;TETO-water;GDM;98,7;70,6;90,9;66,7;100;97,4;100;2,28845977;50;50;27,27272727;25;0;0;28,57142857;61,53846154;undecided;251;76,03041;72,52506;68,689;61,90476;54,49735;0,859087203;251;67;185;144;116;2,76;1,59;1,28;1,24;0,594997755;251;98,7;DM;;;;;;;,,,,,
252;14;TETO;water;CONTROL;TETO-water;GDM;86,1;20;75;66,7;83,3;87,5;85;1,458333333;58,3;58,3;38,46153846;33,33333333;0;20;33,33333333;66,66666667;undecided;252;83,55072;90,67086;83,77282;80,52896;64,70588;0,961615495;252;73;172;133;182;2,36;0,95;1,29;0,73;0,55567521;252;86,1;DM;;;;;;;,,,
253;14;TETO;dox;TETO-DOX;TETO-dox;GDM;93,1;42,9;82,6;100;91,1;100;77,8;1,527418848;35,7;35,7;30;0;50;28,57142857;20;44,44444444;no;253;86,66667;85,99106;76,54042;53,38983;46,08288;0,766228696;253;121;196;148;53;1,62;3,7;1,32;2,79;0,538029304;253;93,1;DM;;;;;;;,,,,
254;14;TETO;dox;TETO-DOX;TETO-dox;GDM;98,5;70;55,6;100;96,1;97;100;1,601824468;91,2;91,2;0;20;42,85714286;96,66666667;91,89189189;90,32258065;yes;254;84,8227;57,48747;70,99907;37,5;32,52033;0,612261179;254;71;180;101;161;2,54;1,12;1,78;0,63;0,43768543;254;98,5;DM;;;;;;;,,,,
255;15;TETO;dox;TETO-DOX;TETO-dox;INT;46,7;33,3;14,3;14,3;0;42,9;50;1,258428571;85,4;14,6;46,15384615;62,5;77,77777778;92;88;81,25;no;255;86,07955;70,17021;51,26348;37,95212;33,3426;0,591881004;255;48;232;190;103;4,83;2,25;1,22;1,84;0,500392131;255;46,7;DM;;;;;;;,,
256;15;TETO;dox;TETO-DOX;TETO-dox;GDM;94;66,7;75;37,5;97,4;92,7;100;2,526104839;15,4;15,4;11,11111111;0;0;25;14,28571429;16,66666667;no;256;92,89044;75,08423;91,08796;41,44481;33,63095;0,664041567;256;77;155;170;155;2,01;1;0,91;1,1;0,707668412;256;94;DM;;;;;;;,,,,,,
257;15;TETO;dox;TETO-DOX;TETO-dox;PDM;0;62,5;50;0;25;0;0;1,585925;93,3;6,7;50;94,11764706;90,90909091;100;100;80,95238095;no;257;95,12195;81,77551;26,03704;24,19458;18,92857;0,442787301;257;70;170;182;186;2,43;0,91;0,93;0,98;0,580077787;257;0;PDM;;;;;;;,,,,,,,,
258;15;TETO;dox;TETO-DOX;TETO-dox;GDM;94,3;62,5;85,7;81,8;100;92,9;100;3,310969231;20;20;53,84615385;72,72727273;75;0;0;33,33333333;no;258;88,78788;78,55679;77,4513;66,42619;56,80408;0,803815571;258;94;239;202;180;2,54;1,33;1,18;1,12;0,476175586;258;94,3;DM;;;;;;;,,,,,
259;15;TETO;dox;TETO-DOX;TETO-dox;GDM;90,7;61,1;73,3;60;78,9;100;86,8;1,534146552;78,4;78,4;25;82,35294118;80,95238095;90,32258065;86,36363636;66,66666667;yes;259;82,91667;69,68626;44,41754;43,96552;26,72414;0,598756707;259;75;185;179;128;2,47;1,45;1,03;1,4;0,652851507;259;90,7;DM;;;;;;;,
260;15;TETO;dox;TETO-DOX;TETO-dox;GDM;70,4;37,5;0;33,3;69,2;76,5;60;2,137864407;55;55;54,54545455;69,23076923;45,45454545;14,28571429;16,66666667;71,42857143;undecided;260;86,09496;78,56246;68,66304;34,98194;29,45774;0,632333458;260;85;250;219;192;2,94;1,3;1,14;1,14;0,596884744;260;70,4;DM;;;;;;;,,
261;15;SD;dox;CONTROL;SD-dox;GDM;97,9;50;80;100;100;100;95,3;2,179092437;0;0;16,66666667;0;0;0;0;0;no;261;73,98785;93,7291;37,43947;32,42063;16,09146;0,629521978;261;104;143;192;167;1,38;0,86;0,74;1,15;0,625179516;261;97,9;DM;;;;;;;,,,,,,,,,,
262;15;SD;dox;CONTROL;SD-dox;GDM;89,4;71,4;95;85,7;0;93;82,6;1,937648276;63,3;63,3;61,53846154;22,22222222;50;0;53,84615385;70,58823529;yes;262;78,35884;55,24528;77,20953;72,46746;81,99675;0,924802265;262;48;193;166;105;4,02;1,84;1,16;1,58;0,608383014;262;89,4;DM;;;;;;;,,,
263;15;SD;dox;CONTROL;SD-dox;PDM;20;42,9;0;66,7;22,2;0;33,3;1,333261905;100;0;61,53846154;92,30769231;97,56097561;97,6744186;100;100;no;263;79,69697;86,84211;82,5;67,38095;22,37449;0,83475321;263;58;128;57;68;2,21;1,88;2,25;0,84;0,490965205;263;20;DM;;;;;;;,,,,,,
264;15;SD;dox;CONTROL;SD-dox;GDM;96,5;66,7;85,7;91,9;97,7;95,3;100;1,282477157;55;55;12,5;20;50;40;57,14285714;53,84615385;undecided;264;94,13068;96,73453;98,16375;79,74138;72,0339;0,921292833;264;43;208;115;64;4,84;3,25;1,81;1,8;0,612862134;264;96,5;DM;;;;;;;,,,,
265;15;SD;dox;CONTROL;SD-dox;GDM;80,8;53,8;0;20;73,7;;80,8;1,432970149;94,7;94,7;44,44444444;53,84615385;63,63636364;80;90,47619048;96,2962963;yes;265;76,83824;83,48806;80,70175;66,13636;40,90909;0,89206258;265;83;252;197;174;3,04;1,45;1,28;1,13;0,560811767;265;80,8;DM;;;;;;;,,
266;15;SD;dox;CONTROL;SD-dox;GDM;83,9;42,9;33,3;73,7;88,9;84;83,9;1,885564356;41,2;41,2;64,28571429;14,28571429;33,33333333;50;55,55555556;25;undecided;266;80;93,85965;97,12774;71,71429;10,73077;0,873223967;266;84;152;173;112;1,81;1,36;0,88;1,54;0,497796783;266;83,9;DM;;;;;;;,,
267;16;TETO;dox;TETO-DOX;TETO-dox;PDM;0;50;20;0;20;0;0;1,668540541;72,4;27,6;81,5;90,90909091;92,85714286;77,77777778;77,77777778;70;no;267;;;;;;;267;;;;;;;;;;267;0;PDM;;;;;;;,,,,,,,,,,,,,,,,,,
268;16;TETO;dox;TETO-DOX;TETO-dox;PDM;10;46,2;0;0;0;0;16,7;1,508969697;86,1;13,9;78,3;86,95652174;95,23809524;94,87179487;85;87,5;no;268;;;;;;;268;;;;;;;;;;268;10;PDM;;;;;;;,,,,,,,,,,,,,,,,
269;16;TETO;dox;TETO-DOX;TETO-dox;GDM;96,8;44,4;80;97,4;76,9;98;95,3;1,753229885;11,1;11,1;0;0;0;16,66666667;0;20;no;269;;;;;;;269;;;;;;;;;;269;96,8;DM;;;;;;;,,,,,,,,,,,,,,,,
270;16;TETO;dox;TETO-DOX;TETO-dox;GDM;84;87,1;81,5;80;0;86,2;81;1,282470149;87,5;87,5;33,3;82,35294118;78,94736842;84,21052632;84,84848485;91,30434783;yes;270;;;;;;;270;;;;;;;;;;270;84;DM;;;;;;;,,,,,,,,,,,,,,
271;16;TETO;dox;TETO-DOX;TETO-dox;PDM;0;22,2;14,3;0;0;0;0;1,14203125;83;17;64,3;92,85714286;94,73684211;94,73684211;77,77777778;86,20689655;no;271;;;;;;;271;;;;;;;;;;271;0;PDM;;;;;;;,,,,,,,,,,,,,,,,,
272;16;TETO;dox;TETO-DOX;TETO-dox;GDM;90,2;81;88,4;81;82,6;95,8;82,4;1,55390604;83,6;83,6;42,9;81,81818182;80;89,47368421;81,48148148;85,71428571;yes;272;;;;;;;272;;;;;;;;;;272;90,2;DM;;;;;;;,,,,,,,,,,,,
273;16;SD;dox;CONTROL;SD-dox;GDM;100;16,7;93,3;100;96,3;100;100;1,741075117;20;20;16,7;0;0;28,57142857;33,33333333;0;no;273;;;;;;;273;;;;;;;;;;273;100;DM;;;;;;;,,,,,,,,,,,,,,,,,,,
274;16;SD;dox;CONTROL;SD-dox;GDM;74,2;42,9;73,3;82,6;78,9;80;63,6;1,424747368;53,3;53,3;30;33,33333333;0;30;60;50;undecided;274;;;;;;;274;;;;;;;;;;274;74,2;DM;;;;;;;,,,,,,,,,,,,,,,
275;16;SD;dox;CONTROL;SD-dox;GDM;95,7;82,4;100;75;81;100;92,7;1,803094444;94,5;94,5;37,5;76,92307692;92,10526316;83,33333333;97,22222222;91,89189189;yes;275;;;;;;;275;;;;;;;;;;275;95,7;DM;;;;;;;,,,,,,,,,,,,,
276;16;SD;dox;CONTROL;SD-dox;PDM;0;12,5;28,6;0;0;0;0;1,099516129;87;13;81;84,375;93,33333333;98,14814815;84;90,47619048;no;276;;;;;;;276;;;;;;;;;;276;0;DM;;;;;;;,,,,,,,,,,,,,,,,,,,
277;16;SD;dox;CONTROL;SD-dox;GDM;100;61,5;84,2;98,2;100;100;100;1,575962656;9,1;9,1;30;0;16,66666667;0;25;0;no;277;;;;;;;277;;;;;;;;;;277;100;DM;;;;;;;,,,,,,,,,,,,,,,,,,,
278;16;SD;dox;CONTROL;SD-dox;INT;47,6;55,6;73,3;76,5;50;46,2;50;1,411902778;96,2;3,8;53,8;83,33333333;84,375;95,23809524;93,75;96,77419355;no;278;;;;;;;278;;;;;;;;;;278;47,6;DM;;;;;;;,,,,,,,,,,,
279;17;TETO;dox;TETO-DOX;TETO-dox;PDM;20;28,6;20;0;16,7;20;20;1,274242424;77,8;22,2;70,58823529;70;80;81,25;76,19047619;80;no;279;;;;;;;279;;;;;;;;;;279;20;PDM;;;;;;;,,,,,,,,,,,,,,,,,,
280;17;TETO;dox;TETO-DOX;TETO-dox;GDM;87,8;54,5;55,6;69,2;81,8;77,3;96,3;1,925932692;20;20;30;14,28571429;16,66666667;33,33333333;14,28571429;25;no;280;;;;;;;280;;;;;;;;;;280;87,8;DM;;;;;;;,,,,,,,,,,,,,
281;17;TETO;dox;TETO-DOX;TETO-dox;GDM;82,6;40;60;33,3;69,2;88,2;66,7;1,911517647;82,1;82,1;12,5;0;54,54545455;79,16666667;77,77777778;83,33333333;yes;281;;;;;;;281;;;;;;;;;;281;82,6;DM;;;;;;;,,,,,,,,,,,,
282;17;TETO;dox;TETO-DOX;TETO-dox;GDM;71,4;72,2;37,5;28,6;71,4;63,6;76,5;1,7114;9,1;9,1;20;20;16,66666667;14,28571429;20;0;no;282;;;;;;;282;;;;;;;;;;282;71,4;DM;;;;;;;,,,,,,,,,,,,,
283;17;TETO;dox;TETO-DOX;TETO-dox;INT;47,4;55,6;50;0;0;20;57,1;1,55348;87,9;12,1;41,66666667;86,20689655;83,33333333;91,17647059;85,71428571;91,66666667;no;283;;;;;;;283;;;;;;;;;;283;47,4;DM;;;;;;;,,,,,,,,,,,,,
284;17;TETO;dox;TETO-DOX;TETO-dox;GDM;91,3;28,6;20;63,6;63,6;78,9;96;1,527087379;91,8;91,8;30;50;80;73,33333333;88;94,44444444;yes;284;;;;;;;284;;;;;;;;;;284;91,3;DM;;;;;;;,,,,,,,,,,,,,,,
285;17;SD;dox;CONTROL;SD-dox;GDM;93,1;66,7;100;96,6;75;88,6;97,3;2,249329787;55,6;55,6;40;25;50;50;37,5;70;undecided;285;;;;;;;285;;;;;;;;;;285;93,1;DM;;;;;;;,,,,,,,,,,,,,,,,
286;17;SD;dox;CONTROL;SD-dox;GDM;94,4;30;25;100;100;100;77,8;1,434623116;0;0;30;16,66666667;16,66666667;16,66666667;0;0;no;286;;;;;;;286;;;;;;;;;;286;94,4;DM;;;;;;;,,,,,,,,,,,,,,,,,,,
287;17;SD;dox;CONTROL;SD-dox;GDM;97;66,7;81,8;94,3;87,5;94,1;100;1,464074866;0;0;15,38461538;33,33333333;0;0;0;0;no;287;;;;;;;287;;;;;;;;;;287;97;DM;;;;;;;,,,,,,,,,,,,,,,,,,
288;17;SD;dox;CONTROL;SD-dox;GDM;96,7;75,8;100;98,4;100;92,6;100;1,373529412;0;0;30;0;0;0;0;0;no;288;;;;;;;288;;;;;;;;;;288;96,7;DM;;;;;;;,,,,,,,,,,,,,,,,,,,,
289;17;SD;dox;CONTROL;SD-dox;GDM;100;54,5;73,3;94,6;93,8;100;100;1,553115556;10;10;11,11111111;0;0;0;0;16,66666667;no;289;;;;;;;289;;;;;;;;;;289;100;DM;;;;;;;,,,,,,,,,,,,,,,,,,,
290;17;SD;dox;CONTROL;SD-dox;GDM;85,4;83,3;50;88,9;77,8;88;82,6;1,270254098;72,4;72,4;20;33,33333333;20;71,42857143;73,33333333;71,42857143;yes;290;;;;;;;290;;;;;;;;;;290;85,4;DM;;;;;;;,,,,,,,,,,,,,
291;18;TETO;dox;TETO-DOX;TETO-dox;GDM;97,7;50;90,6;90,5;87;90,9;100;1,838503759;0;0;12,5;0;0;14,28571429;0;0;no;291;;;;;;;291;;;;;;;;;;291;97,7;DM;;;;;;;,,,,,,,,,,,,,,,,,,
292;18;TETO;dox;TETO-DOX;TETO-dox;GDM;82,9;54,5;68,8;85,7;93,3;85,7;81;1,757466667;86;86;50;40;45,45454545;60;63,63636364;93,75;yes;292;;;;;;;292;;;;;;;;;;292;82,9;DM;;;;;;;,,,,,,,,,,,,,,,
293;18;TETO;dox;TETO-DOX;TETO-dox;GDM;76,5;57,1;73,7;88,6;60;0;78,8;1,654223214;59,1;59;63,15789474;62,5;16,66666667;60;57,14285714;62,5;undecided;293;;;;;;;293;;;;;;;;;;293;76,5;DM;;;;;;;,,,,,,,,,,,,,
294;18;TETO;dox;TETO-DOX;TETO-dox;GDM;88,6;42,9;82,1;83,3;92,6;72,7;93,9;1,823338983;58,8;59;25;33,33333333;72,22222222;50;0;62,5;undecided;294;;;;;;;294;;;;;;;;;;294;88,6;DM;;;;;;;,,,,,,,,,,,,,
295;18;TETO;dox;TETO-DOX;TETO-dox;GDM;100;50;91,7;100;96,2;100;100;1,755044199;0;0;28,57142857;0;0;20;0;0;no;295;;;;;;;295;;;;;;;;;;295;100;DM;;;;;;;,,,,,,,,,,,,,,,,,,,,,,
296;18;TETO;dox;TETO-DOX;TETO-dox;GDM;82,1;76,9;80;84,2;88;61,5;100;1,564831858;11,1;11;45,45454545;14,28571429;0;25;0;25;no;296;;;;;;;296;;;;;;;;;;296;82,1;DM;;;;;;;,,,,,,,,,,,,,,,,,
297;18;TETO;water;CONTROL;TETO-water;GDM;90,7;36,4;53,8;93,3;92;90,5;90,9;1,797727273;91,5;92;30;73,33333333;50;78,94736842;91,30434783;91,66666667;yes;297;;;;;;;297;;;;;;;;;;297;90,7;DM;;;;;;;,,,,,,,,,,,,,
298;18;TETO;water;CONTROL;TETO-water;GDM;97,7;53,8;85,7;73,3;97,1;98,1;97,1;1,807325843;61,9;62;22,22222222;20;60;64,28571429;66,66666667;60;no;298;;;;;;;298;;;;;;;;;;298;97,7;DM;;;;;;;,,,,,,,,,,,,,
299;18;TETO;water;CONTROL;TETO-water;GDM;85,3;58,3;84,6;93,5;92,6;84,6;87,5;2,034707692;23,1;23;0;16,66666667;28,57142857;28,57142857;28,57142857;16,66666667;no;299;;;;;;;299;;;;;;;;;;299;85,3;DM;;;;;;;,,,,,,,,,,,
300;18;TETO;water;CONTROL;TETO-water;PDM;23,1;60;33,3;27,3;0;28,6;16,7;1,129159091;80;20;61,53846154;80;84,84848485;86,66666667;81,25;77,77777778;no;300;;;;;;;300;;;;;;;;;;300;23,1;DM;;;;;;;,,,,,,,,,,,,,,
301;18;TETO;water;CONTROL;TETO-water;GDM;100;66,7;100;100;100;100;100;2,037520325;7,7;8;11,11111111;0;0;0;11,11111111;0;no;301;;;;;;;301;;;;;;;;;;301;100;DM;;;;;;;,,,,,,,,,,,,,,,,,,,,,
302;18;TETO;water;CONTROL;TETO-water;GDM;92,6;57,1;98;90,9;100;96,1;86,7;1,844801802;28,6;29;20;33,33333333;0;20;33,33333333;25;no;302;;;;;;;302;;;;;;;;;;302;92,6;DM;;;;;;;,,,,,,,,,,,,,,,,
303;19;TETO;water;CONTROL;TETO-water;INT;63,64;63,63636364;86,11111111;42,85714286;0;42,85714286;73,33333333;1,855896104;;;;;;;;;;303;70,61538462;90,92352092;21,18897874;17,62711864;13,36675021;0,530274305;303;67;199;170;192;2,97;1,04;1,17;0,89;;303;63,63636364;DM;37,5;90,90909091;71,42857143;37,5;62,5;33,33333333;,,
304;19;TETO;water;CONTROL;TETO-water;INT;53,33;66,66666667;33,33333333;78,94736842;93,33333333;0;61,53846154;1,720113636;;;;;;;;;;304;85,30701754;97,01880752;52,77777778;45,53571429;17,61578045;0,652629652;304;65;212;158;106;3,26;2;1,34;1,49;;304;53,33333333;DM;23,07692308;42,85714286;33,33333333;20;0;0;,,,,,,
305;19;TETO;dox;TETO-DOX;TETO-dox;GDM;82,5;50;66,66666667;20;42,85714286;66,66666667;89,28571429;1,684315068;;;;;;;;;;305;86,09496124;88,98423006;38,20707071;57,85472973;16,28787879;0,634900698;305;100;222;166;150;2,22;1,48;1,34;1,11;;305;82,5;DM;54,54545455;58,33333333;0;82,35294118;87,5;66,66666667;,,,,
306;19;TETO;dox;TETO-DOX;TETO-dox;OUT;0;33,33333333;83,33333333;82,35294118;90;;0;2,10102381;;;;;;;;;;306;80,95238095;83,90374332;60,90909091;14,24010217;16,32653061;0,550881162;306;97;206;189;133;2,12;1,55;1,09;1,42;;306;0;OUT;50;76,47058824;55,55555556;0;0;0;OUT of RGT analysis,,,,,,,,,,
307;19;TETO;dox;TETO-DOX;TETO-dox;PDM;15,4;25;33,33333333;16,66666667;50;0;28,57142857;1,300864865;;;;;;;;;;307;73,65079365;46,26068376;30,09259259;27,15517241;17,54385965;0,4655898;307;70;180;215;195;2,57;0,92;0,84;1,1;;307;15,38461538;PDM;25;42,85714286;44,44444444;85,71428571;76,92307692;80;,,,,,,
308;19;TETO;dox;TETO-DOX;TETO-dox;GDM;86;50;96,2962963;96,07843137;100;89,47368421;78,94736842;1,987762431;;;;;;;;;;308;92,56425949;86,25168691;66,66666667;65,73076923;33,79790941;0,716463457;308;59;199;156;145;3,37;1,37;1,28;1,08;;308;85,96491228;DM;45,45454545;55,55555556;82,35294118;82,60869565;76,47058824;63,63636364;,,,,
309;19;TETO;dox;TETO-DOX;TETO-dox;INT;55,6;60;66,66666667;50;73,33333333;60;50;1,439698413;;;;;;;;;;309;85,72463768;75,99781301;56,88286809;37,58320533;35,2688172;0,623826784;309;93;170;168;139;1,83;1,22;1,01;1,21;;309;55,55555556;DM;46,15384615;50;0;0;0;0;,,,,,,,,,,
310;19;TETO;dox;TETO-DOX;TETO-dox;GDM;98,8;88;88,88888889;100;100;97,77777778;100;2,470726872;;;;;;;;;;310;95,45454545;70,93023256;48,58674464;45,53571429;36,47912886;0,569961229;310;116;195;189;196;1,68;0,99;1,03;0,96;;310;98,80952381;DM;57,14285714;63,63636364;80,95238095;97,05882353;97,77777778;93,33333333;,,,,,
311;19;TETO;water;CONTROL;TETO-water;GDM;69,2;63,63636364;86,20689655;84;77,77777778;71,42857143;66,66666667;1,514220183;;;;;;;;;;311;80,39130435;36,2745098;37,25786925;22,52765127;10,79466518;0,393858949;311;98;199;100;123;2,03;1,62;1,99;0,81;;311;69,23076923;DM;60;82,60869565;77,77777778;50;75;73,33333333;,,,,,
312;19;TETO;water;CONTROL;TETO-water;GDM;89,7;36,36363636;66,66666667;92,98245614;90,625;94,44444444;87,5;1,477097561;;;;;;;;;;312;96,39953542;95,90163934;100;100;21,23563218;0,861699255;312;64;154;177;176;2,41;0,88;0,87;1,01;;312;89,65517241;DM;69,56521739;80;88,57142857;88,23529412;88,88888889;78,125;,,,,
313;19;TETO;water;CONTROL;TETO-water;GDM;76,7;44,44444444;0;12,5;90,90909091;60;85;1,695859375;;;;;;;;;;313;77,58152174;76,87165775;71,08472401;50,82926829;30,63636364;0,756951919;313;95;176;101;133;1,85;1,32;1,74;0,76;;313;76,66666667;DM;57,89473684;70;100;92,30769231;84,61538462;85,18518519;,,,,,,
314;19;TETO;water;CONTROL;TETO-water;GDM;72,4;72,72727273;71,42857143;50;83,33333333;69,23076923;75;1,937175258;;;;;;;;;;314;97,14285714;99,01960784;96,278826;34,82142857;16,21858562;0,643012981;314;94;213;103;65;2,27;3,28;2,07;1,58;;314;72,4137931;DM;50;84,61538462;95;78,94736842;85,18518519;73,33333333;,,,,,
315;20;TETO;dox;TETO-DOX;TETO-dox;GDM;96,9;40;72,72727273;89,28571429;92,85714286;97,61904762;95,45454545;2,387232394;;;;;;;;;;315;80,01;84,2;60,52;38;23,04;0,661805288;315;64;139;93;62;2,17;2,24;1,49;1,5;;315;96,875;DM;50;63,63636364;100;91,66666667;92,30769231;77,77777778;,,,,,
316;20;TETO;dox;TETO-DOX;TETO-dox;GDM;90,5;77,77777778;70;81,25;83,33333333;88,88888889;91,66666667;2,631192771;;;;;;;;;;316;84,86;88,04;78,48;80,25;41,34;0,873602423;316;83;142;117;107;1,71;1,33;1,21;1,09;;316;90,47619048;DM;36,36363636;85,71428571;90,90909091;100;92,85714286;96,96969697;,,,
317;20;TETO;water;CONTROL;TETO-water;GDM;97,3;57,14285714;25;37,5;87,5;97,36842105;97,14285714;2,654934959;;;;;;;;;;317;74,92;75,5;64,78;39,61;35,57;0,72807724;317;105;217;205;160;2,07;1,36;1,06;1,28;;317;97,26027397;DM;73,91304348;90;97,5;92,85714286;88,88888889;91,30434783;,,,
318;20;TETO;water;CONTROL;TETO-water;GDM;96,6;83,87096774;70;94;0;90,90909091;100;1,801093923;;;;;;;;;;318;97,22;88,16;77,18;13,18;17,87;0,517575942;318;86;184;148;137;2,14;1,34;1,24;1,08;;318;96,59090909;DM;52,94117647;75;0;20;85,71428571;66,66666667;,,,,,,,,
319;20;TETO;water;CONTROL;TETO-water;GDM;71;40;42,85714286;42,85714286;61,53846154;71,42857143;70,58823529;1,688705882;;;;;;;;;;319;83,49;82,51;28,53;25,34;19,25;0,503176065;319;64;149;140;103;2,33;1,45;1,06;1,36;;319;70,96774194;DM;22,22222222;58,33333333;28,57142857;85,71428571;87,5;54,54545455;,,,
320;20;TETO;water;CONTROL;TETO-water;GDM;90,9;53,33333333;75;73,33333333;100;92,10526316;83,33333333;2,199797872;;;;;;;;;;320;78,49;92,31;86,92;85,39;34,9;0,971990285;320;89;208;170;132;2,34;1,58;1,22;1,29;;320;90,90909091;DM;79,16666667;86,95652174;83,33333333;100;96,875;84,61538462;,,,,
321;20;TETO;dox;TETO-DOX;TETO-dox;INT;55,6;30;57,14285714;61,53846154;12,5;0;71,42857143;1,853892857;;;;;;;;;;321;82,92;64,73;28,95;36,67;23,56;0,515447139;321;77;245;210;212;3,18;1,16;1,17;0,99;;321;55,55555556;DM;70,83333333;80;85,18518519;95,23809524;84,84848485;40;,,,,,
322;20;TETO;dox;TETO-DOX;TETO-dox;GDM;95,4;70,58823529;90,32258065;100;96,42857143;97,61904762;91,30434783;2,073179191;;;;;;;;;;322;90,61;90,93;81,88;74,27;40,6;0,816936884;322;66;215;216;193;3,26;1,11;1;1,12;;322;95,38461538;DM;57,14285714;61,53846154;45,45454545;66,66666667;44,44444444;0;,,,,
323;20;TETO;water;CONTROL;TETO-water;GDM;98,6;78,57142857;100;88,88888889;97,72727273;100;97,56097561;2,209824742;;;;;;;;;;323;75,16;83,04;78,75;75,1;59,65;0,9889646;323;91;189;167;111;2,08;1,7;1,13;1,5;;323;98,63013699;DM;69,56521739;70;88,57142857;80;25;81,81818182;,,,,,,
324;20;TETO;water;CONTROL;TETO-water;GDM;93;76,19047619;84;94,44444444;98,03921569;90;94,59459459;2,170174419;;;;;;;;;;324;87,78;75,78;25,92;25,78;14,85;0,453688178;324;99;202;165;158;2,04;1,28;1,22;1,04;;324;92,98245614;DM;60;66,66666667;86,20689655;69,23076923;86,95652174;100;,,,,,,
325;20;TETO;dox;TETO-DOX;TETO-dox;GDM;90,2;82,60869565;25;0;20;50;92,30769231;2,313756098;;;;;;;;;;325;86,05;24,3;26,29;22,55;25;0,354318005;325;81;146;82;174;1,8;0,84;1,78;0,47;;325;90,24390244;DM;41,66666667;0;37,5;14,28571429;0;14,28571429;,,,,,,,,
326;20;TETO;dox;TETO-DOX;TETO-dox;GDM;91,8;73,91304348;100;85,18518519;71,42857143;93,75;90,90909091;1,567438849;;;;;;;;;;326;95,5;90,44;91,53;77,07;37,04;0,800774753;326;112;208;109;169;1,86;1,23;1,91;0,64;;326;91,83673469;DM;64,28571429;93,02325581;93,93939394;64,28571429;81,25;73,33333333;,,
